ProductID,Product,Category
1,Abbas MA-01|All Season,Mix
2,Abbas MA-02|All Season,
3,Abbas MA-03|All Season,
4,Abbas MA-04|All Season,
5,Abbas MA-05|All Season,
7,Abbas MA-07|All Season,
6,Abbas MA-06|All Season,
8,Abbas MA-08|All Season,
9,Abbas MA-09|All Season,
10,Abbas MA-10|All Season,
11,Abbas MA-11|All Season,
12,Abbas MA-12|All Season,
13,Abbas MA-13|All Season,
14,Abbas MA-14|All Season,
15,Abbas MA-15|All Season,
16,Abbas MA-16|All Season,
17,Abbas MA-17|All Season,
18,Abbas MA-18|All Season,
19,Abbas MA-19|All Season,
20,Abbas MA-20|All Season,
21,Abbas MA-21|All Season,
22,Abbas MA-22|All Season,
23,Abbas MA-23|All Season,
25,Abbas MA-25|All Season,
26,Abbas MA-26|All Season,
24,Abbas MA-24|All Season,
27,Abbas MA-27|All Season,
28,Abbas MA-28|All Season,
29,Abbas MA-29|All Season,
30,Abbas MA-30|All Season,
31,Abbas MA-31|All Season,
32,Abbas MA-32|All Season,
33,Abbas MA-33|All Season,
34,Abbas MA-34|All Season,
35,Abbas MA-35|All Season,
36,Abbas MA-36|All Season,
37,Abbas MA-37|All Season,
38,Abbas MA-38|All Season,
40,Abbas MA-40|All Season,
41,Abbas MA-41|All Season,
42,Abbas MA-42|All Season,
39,Abbas MA-39|All Season,
43,Abbas MA-43|All Season,
44,Abbas MA-44|All Season,
45,Abbas MA-45|All Season,
46,Abbas RP-01|Productivity,Rural
47,Abbas RP-02|Productivity,
48,Abbas RP-03|Productivity,
49,Abbas RP-04|Productivity,
50,Abbas RP-05|Productivity,
51,Abbas RP-06|Productivity,
52,Abbas RP-07|Productivity,
53,Abbas RP-08|Productivity,
54,Abbas RP-09|Productivity,
55,Abbas RP-10|Productivity,
56,Abbas RP-11|Productivity,
57,Abbas RP-12|Productivity,
58,Abbas RP-13|Productivity,
59,Abbas RP-14|Productivity,
60,Abbas RP-15|Productivity,
61,Abbas RP-16|Productivity,
62,Abbas RP-17|Productivity,
63,Abbas RP-18|Productivity,
64,Abbas RP-19|Productivity,
65,Abbas RP-20|Productivity,
66,Abbas RP-21|Productivity,
67,Abbas RP-22|Productivity,
68,Abbas RS-01|Select,Rural
69,Abbas RS-02|Select,
70,Abbas RS-03|Select,
71,Abbas RS-04|Select,
72,Abbas RS-05|Select,
73,Abbas RS-06|Select,
189,Abbas UC-01|Convenience,Urban
190,Abbas UC-02|Convenience,
191,Abbas UC-03|Convenience,
192,Abbas UC-04|Convenience,
74,Abbas UM-01|Moderation,Urban
193,Abbas UC-05|Convenience,
75,Abbas UM-02|Moderation,
194,Abbas UC-06|Convenience,
76,Abbas UM-03|Moderation,
195,Abbas UC-07|Convenience,
77,Abbas UM-04|Moderation,
196,Abbas UC-08|Convenience,
78,Abbas UM-05|Moderation,
173,Abbas UE-01|Extreme,Urban
79,Abbas UM-06|Moderation,
174,Abbas UE-02|Extreme,
80,Abbas UM-07|Moderation,
175,Abbas UE-03|Extreme,
81,Abbas UM-08|Moderation,
176,Abbas UE-04|Extreme,
82,Abbas UM-09|Moderation,
177,Abbas UE-05|Extreme,
83,Abbas UM-10|Moderation,
178,Abbas UE-06|Extreme,
84,Abbas UM-11|Moderation,
180,Abbas UE-08|Extreme,
85,Abbas UM-12|Moderation,
181,Abbas UE-09|Extreme,
86,Abbas UM-13|Moderation,
182,Abbas UE-10|Extreme,
87,Abbas UM-14|Moderation,
183,Abbas UE-11|Extreme,
88,Abbas UM-15|Moderation,
184,Abbas UE-12|Extreme,
89,Abbas UM-16|Moderation,
185,Abbas UE-13|Extreme,
90,Abbas UM-17|Moderation,
187,Abbas UE-15|Extreme,
91,Abbas UM-18|Moderation,
188,Abbas UE-16|Extreme,
92,Abbas UM-19|Moderation,
93,Abbas UM-20|Moderation,
94,Abbas UM-21|Moderation,
95,Abbas UM-22|Moderation,
96,Abbas UM-23|Moderation,
97,Abbas UM-24|Moderation,
98,Abbas UM-25|Moderation,
99,Abbas UM-26|Moderation,
100,Abbas UM-27|Moderation,
101,Abbas UM-28|Moderation,
102,Abbas UM-29|Moderation,
103,Abbas UM-30|Moderation,
104,Abbas UM-31|Moderation,
105,Abbas UM-32|Moderation,
106,Abbas UM-33|Moderation,
107,Abbas UM-34|Moderation,
108,Abbas UM-35|Moderation,
109,Abbas UM-36|Moderation,
110,Abbas UM-37|Moderation,
111,Abbas UM-38|Moderation,
112,Abbas UM-39|Moderation,
113,Abbas UM-40|Moderation,
114,Abbas UM-41|Moderation,
115,Abbas UM-42|Moderation,
116,Abbas UM-43|Moderation,
117,Abbas UM-44|Moderation,
118,Abbas UM-45|Moderation,
119,Abbas UM-46|Moderation,
120,Abbas UM-47|Moderation,
121,Abbas UM-48|Moderation,
122,Abbas UM-49|Moderation,
123,Abbas UM-50|Moderation,
124,Abbas UM-51|Moderation,
125,Abbas UM-52|Moderation,
127,Abbas UM-54|Moderation,
126,Abbas UM-53|Moderation,
128,Abbas UM-55|Moderation,
130,Abbas UR-01|Regular,Urban
132,Abbas UR-03|Regular,
129,Abbas UM-56|Moderation,
133,Abbas UR-04|Regular,
135,Abbas UR-06|Regular,
131,Abbas UR-02|Regular,
136,Abbas UR-07|Regular,
139,Abbas UR-10|Regular,
140,Abbas UR-11|Regular,
134,Abbas UR-05|Regular,
141,Abbas UR-12|Regular,
142,Abbas UR-13|Regular,
143,Abbas UR-14|Regular,
137,Abbas UR-08|Regular,
144,Abbas UR-15|Regular,
138,Abbas UR-09|Regular,
145,Abbas UR-16|Regular,
146,Abbas UR-17|Regular,
148,Abbas UR-19|Regular,
149,Abbas UR-20|Regular,
150,Abbas UR-21|Regular,
151,Abbas UR-22|Regular,
152,Abbas UR-23|Regular,
153,Abbas UR-24|Regular,
155,Abbas UR-26|Regular,
147,Abbas UR-18|Regular,
157,Abbas UR-28|Regular,
158,Abbas UR-29|Regular,
159,Abbas UR-30|Regular,
160,Abbas UR-31|Regular,
162,Abbas UR-33|Regular,
163,Abbas UR-34|Regular,
164,Abbas UR-35|Regular,
154,Abbas UR-25|Regular,
165,Abbas UR-36|Regular,
166,Abbas UR-37|Regular,
156,Abbas UR-27|Regular,
168,Abbas UR-39|Regular,
170,Abbas UR-41|Regular,
197,Abbas YY-01|Youth,Youth
198,Abbas YY-02|Youth,
161,Abbas UR-32|Regular,
167,Abbas UR-38|Regular,
169,Abbas UR-40|Regular,
171,Abbas UR-42|Regular,
172,Abbas UR-43|Regular,
179,Abbas UE-07|Extreme,
186,Abbas UE-14|Extreme,
199,Barba UM-01|Moderation,Urban
200,Barba UM-02|Moderation,
201,Barba UM-03|Moderation,
202,Barba UM-04|Moderation,
203,Barba UM-05|Moderation,
204,Barba UM-06|Moderation,
205,Barba UM-07|Moderation,
206,Barba UM-08|Moderation,
207,Barba UM-09|Moderation,
208,Barba UM-10|Moderation,
209,Barba UM-11|Moderation,
210,Barba UM-12|Moderation,
211,Fama MA-01|All Season,Mix
212,Fama MA-02|All Season,
213,Fama RP-01|Productivity,Rural
214,Fama RP-02|Productivity,
215,Fama RP-03|Productivity,
216,Fama RP-04|Productivity,
217,Fama RP-05|Productivity,
218,Fama RP-06|Productivity,
219,Fama RP-07|Productivity,
220,Fama RP-08|Productivity,
221,Fama RP-09|Productivity,
222,Fama RP-10|Productivity,
223,Fama UM-01|Moderation,Urban
224,Fama UM-02|Moderation,
225,Fama UM-03|Moderation,
226,Fama UM-04|Moderation,
227,Fama UM-05|Moderation,
228,Fama UM-06|Moderation,
229,Fama UR-01|Regular,Urban
230,Fama UR-02|Regular,
231,Fama UR-03|Regular,
232,Fama UR-04|Regular,
233,Fama UR-05|Regular,
234,Fama UR-06|Regular,
235,Fama UR-07|Regular,
236,Fama UR-08|Regular,
237,Fama UR-09|Regular,
238,Fama UR-10|Regular,
239,Fama UR-11|Regular,
240,Fama UR-12|Regular,
241,Fama UR-13|Regular,
242,Fama UR-14|Regular,
243,Fama UR-15|Regular,
244,Fama UR-16|Regular,
245,Fama UR-17|Regular,
246,Fama UR-18|Regular,
247,Fama UR-19|Regular,
248,Fama UR-20|Regular,
249,Fama UR-21|Regular,
250,Fama UR-22|Regular,
251,Fama UR-23|Regular,
252,Fama UR-24|Regular,
253,Fama UR-25|Regular,
254,Fama UR-26|Regular,
255,Fama UR-27|Regular,
256,Fama UR-28|Regular,
257,Fama UR-29|Regular,
258,Fama UR-30|Regular,
259,Fama UR-31|Regular,
260,Fama UR-32|Regular,
261,Fama UR-33|Regular,
262,Fama UR-34|Regular,
263,Fama UR-35|Regular,
264,Fama UR-36|Regular,
265,Fama UR-37|Regular,
266,Fama UR-38|Regular,
267,Fama UR-39|Regular,
268,Fama UR-40|Regular,
269,Fama UR-41|Regular,
270,Fama UR-42|Regular,
271,Fama UR-43|Regular,
272,Fama UR-44|Regular,
273,Fama UR-45|Regular,
274,Fama UR-46|Regular,
275,Fama UR-47|Regular,
276,Fama UR-48|Regular,
277,Fama UR-49|Regular,
278,Fama UR-50|Regular,
279,Fama UR-51|Regular,
280,Fama UE-01|Extreme,Urban
281,Fama UE-02|Extreme,
282,Fama UE-03|Extreme,
283,Fama UE-04|Extreme,
284,Fama UE-05|Extreme,
285,Fama UE-06|Extreme,
286,Fama UE-07|Extreme,
287,Fama UE-08|Extreme,
288,Fama UE-09|Extreme,
289,Fama UE-10|Extreme,
290,Fama UE-11|Extreme,
291,Fama UE-12|Extreme,
292,Fama UE-13|Extreme,
293,Fama UE-14|Extreme,
294,Fama UE-15|Extreme,
295,Fama UE-16|Extreme,
296,Fama UE-17|Extreme,
297,Fama UE-18|Extreme,
298,Fama UE-19|Extreme,
299,Fama UE-20|Extreme,
300,Fama UE-21|Extreme,
301,Fama UE-22|Extreme,
302,Fama UE-23|Extreme,
303,Fama UE-24|Extreme,
304,Fama UE-25|Extreme,
305,Fama UE-26|Extreme,
306,Fama UE-27|Extreme,
307,Fama UE-28|Extreme,
308,Fama UE-29|Extreme,
309,Fama UE-30|Extreme,
310,Fama UE-31|Extreme,
311,Fama UE-32|Extreme,
312,Fama UE-33|Extreme,
313,Fama UE-34|Extreme,
314,Fama UE-35|Extreme,
315,Fama UE-36|Extreme,
316,Fama UE-37|Extreme,
317,Fama UE-38|Extreme,
318,Fama UE-39|Extreme,
319,Fama UE-40|Extreme,
320,Fama UE-41|Extreme,
321,Fama UE-42|Extreme,
322,Fama UE-43|Extreme,
323,Fama UE-44|Extreme,
324,Fama UE-45|Extreme,
325,Fama UE-46|Extreme,
326,Fama UE-47|Extreme,
327,Fama UE-48|Extreme,
328,Fama UE-49|Extreme,
329,Fama UE-50|Extreme,
330,Fama UE-51|Extreme,
331,Fama UE-52|Extreme,
332,Fama UE-53|Extreme,
333,Fama UE-54|Extreme,
334,Fama UE-55|Extreme,
335,Fama UE-56|Extreme,
336,Fama UE-57|Extreme,
1908,Currus MA-01|All Season,Mix
337,Fama UE-58|Extreme,
1909,Currus MA-02|All Season,
338,Fama UE-59|Extreme,
1911,Currus MA-04|All Season,
339,Fama UE-60|Extreme,
1912,Currus MA-05|All Season,
340,Fama UE-61|Extreme,
1914,Currus MA-07|All Season,
341,Fama UE-62|Extreme,
1915,Currus MA-08|All Season,
342,Fama UE-63|Extreme,
1916,Currus MA-09|All Season,
343,Fama UE-64|Extreme,
1918,Currus MA-11|All Season,
344,Fama UE-65|Extreme,
1920,Currus MA-13|All Season,
345,Fama UE-66|Extreme,
1924,Currus MA-17|All Season,
346,Fama UE-67|Extreme,
1926,Currus RP-01|Productivity,Rural
347,Fama UE-68|Extreme,
1927,Currus RP-02|Productivity,
348,Fama UE-69|Extreme,
1930,Currus RP-05|Productivity,
349,Fama UE-70|Extreme,
1931,Currus RP-06|Productivity,
350,Fama UE-71|Extreme,
1932,Currus RP-07|Productivity,
351,Fama UE-72|Extreme,
1933,Currus RP-08|Productivity,
352,Fama UE-73|Extreme,
1934,Currus RP-09|Productivity,
353,Fama UE-74|Extreme,
1935,Currus RP-10|Productivity,
354,Fama UE-75|Extreme,
1936,Currus RP-11|Productivity,
355,Fama UE-76|Extreme,
1937,Currus RP-12|Productivity,
356,Fama UE-77|Extreme,
1938,Currus RP-13|Productivity,
357,Fama UE-78|Extreme,
1939,Currus RP-14|Productivity,
358,Fama UE-79|Extreme,
1940,Currus RP-15|Productivity,
359,Fama UE-80|Extreme,
1941,Currus RP-16|Productivity,
360,Fama UE-81|Extreme,
1942,Currus RP-17|Productivity,
361,Fama UE-82|Extreme,
1943,Currus RP-18|Productivity,
362,Fama UE-83|Extreme,
1946,Currus RP-21|Productivity,
363,Fama UE-84|Extreme,
1947,Currus RP-22|Productivity,
364,Fama UE-85|Extreme,
1948,Currus RP-23|Productivity,
365,Fama UE-86|Extreme,
1949,Currus RP-24|Productivity,
366,Fama UE-87|Extreme,
1950,Currus RP-25|Productivity,
367,Fama UE-88|Extreme,
1951,Currus RP-26|Productivity,
368,Fama UE-89|Extreme,
1956,Currus RP-31|Productivity,
369,Fama UE-90|Extreme,
1957,Currus RP-32|Productivity,
370,Fama UE-91|Extreme,
1958,Currus RP-33|Productivity,
371,Fama UE-92|Extreme,
1959,Currus RP-34|Productivity,
372,Fama UE-93|Extreme,
1960,Currus RP-35|Productivity,
373,Fama UE-94|Extreme,
1961,Currus RP-36|Productivity,
374,Fama UE-95|Extreme,
1962,Currus RP-37|Productivity,
375,Fama UE-96|Extreme,
1963,Currus RP-38|Productivity,
376,Fama UE-97|Extreme,
1964,Currus RP-39|Productivity,
377,Fama UE-98|Extreme,
1965,Currus RP-40|Productivity,
378,Fama UE-99|Extreme,
1966,Currus RP-41|Productivity,
379,Fama UE-00|Extreme,
1967,Currus RP-42|Productivity,
380,Fama UE-01|Extreme,
1968,Currus RP-43|Productivity,
381,Fama UE-02|Extreme,
1969,Currus RP-44|Productivity,
382,Fama UE-03|Extreme,
1974,Currus RP-49|Productivity,
383,Fama UE-04|Extreme,
1975,Currus RP-50|Productivity,
384,Fama UE-05|Extreme,
1978,Currus RP-53|Productivity,
385,Fama UE-06|Extreme,
1979,Currus RP-54|Productivity,
386,Fama UE-07|Extreme,
1980,Currus RP-55|Productivity,
387,Fama UC-01|Convenience,Urban
1981,Currus RP-56|Productivity,
388,Fama UC-02|Convenience,
1982,Currus RS-01|Select,Rural
389,Fama UC-03|Convenience,
1983,Currus RS-02|Select,
390,Fama UC-04|Convenience,
1984,Currus RS-03|Select,
391,Fama UC-05|Convenience,
1985,Currus RS-04|Select,
392,Maximus RP-01|Productivity,Rural
1986,Currus RS-05|Select,
393,Maximus RP-02|Productivity,
1987,Currus RS-06|Select,
394,Maximus RS-01|Select,Rural
1989,Currus RS-08|Select,
395,Maximus RS-02|Select,
1990,Currus RS-09|Select,
396,Maximus UM-01|Moderation,Urban
1991,Currus RS-10|Select,
397,Maximus UM-02|Moderation,
1993,Currus RS-12|Select,
398,Maximus UM-03|Moderation,
399,Maximus UM-04|Moderation,
400,Maximus UM-05|Moderation,
401,Maximus UM-06|Moderation,
402,Maximus UM-07|Moderation,
403,Maximus UM-08|Moderation,
404,Maximus UM-09|Moderation,
405,Maximus UM-10|Moderation,
406,Maximus UM-11|Moderation,
407,Maximus UM-12|Moderation,
408,Maximus UM-13|Moderation,
409,Maximus UM-14|Moderation,
410,Maximus UM-15|Moderation,
411,Maximus UM-16|Moderation,
412,Maximus UM-17|Moderation,
413,Maximus UM-18|Moderation,
414,Maximus UM-19|Moderation,
415,Maximus UM-20|Moderation,
416,Maximus UM-21|Moderation,
417,Maximus UM-22|Moderation,
418,Maximus UM-23|Moderation,
419,Maximus UM-24|Moderation,
420,Maximus UM-25|Moderation,
421,Maximus UM-26|Moderation,
422,Maximus UM-27|Moderation,
423,Maximus UM-28|Moderation,
424,Maximus UM-29|Moderation,
425,Maximus UM-30|Moderation,
2041,Currus UE-01|Extreme,Urban
426,Maximus UM-31|Moderation,
2042,Currus UE-02|Extreme,
427,Maximus UM-32|Moderation,
2043,Currus UE-03|Extreme,
428,Maximus UM-33|Moderation,
2044,Currus UE-04|Extreme,
429,Maximus UM-34|Moderation,
2045,Currus UE-05|Extreme,
430,Maximus UM-35|Moderation,
2046,Currus UE-06|Extreme,
431,Maximus UM-36|Moderation,
2047,Currus UE-07|Extreme,
432,Maximus UM-37|Moderation,
2048,Currus UE-08|Extreme,
433,Maximus UM-38|Moderation,
2049,Currus UE-09|Extreme,
434,Maximus UM-39|Moderation,
2050,Currus UE-10|Extreme,
435,Maximus UM-40|Moderation,
2051,Currus UE-11|Extreme,
436,Maximus UM-41|Moderation,
2052,Currus UE-12|Extreme,
437,Maximus UM-42|Moderation,
2053,Currus UE-13|Extreme,
438,Maximus UM-43|Moderation,
2054,Currus UE-14|Extreme,
439,Maximus UM-44|Moderation,
2055,Currus UE-15|Extreme,
440,Maximus UM-45|Moderation,
2056,Currus UE-16|Extreme,
441,Maximus UM-46|Moderation,
2057,Currus UE-17|Extreme,
442,Maximus UM-47|Moderation,
2058,Currus UE-18|Extreme,
443,Maximus UM-48|Moderation,
2060,Currus UE-20|Extreme,
444,Maximus UM-49|Moderation,
2061,Currus UE-21|Extreme,
445,Maximus UM-50|Moderation,
2062,Currus UE-22|Extreme,
446,Maximus UM-51|Moderation,
2064,Currus UE-24|Extreme,
447,Maximus UM-52|Moderation,
448,Maximus UM-53|Moderation,
1994,Currus UM-01|Moderation,Urban
449,Maximus UM-54|Moderation,
1995,Currus UM-02|Moderation,
450,Maximus UM-55|Moderation,
1997,Currus UM-04|Moderation,
451,Maximus UM-56|Moderation,
1999,Currus UR-02|Regular,
452,Maximus UM-57|Moderation,
2004,Currus UR-07|Regular,
453,Maximus UM-58|Moderation,
2005,Currus UR-08|Regular,
454,Maximus UM-59|Moderation,
2012,Currus UR-15|Regular,
455,Maximus UM-60|Moderation,
2013,Currus UR-16|Regular,
456,Maximus UM-61|Moderation,
2014,Currus UR-17|Regular,
457,Maximus UM-62|Moderation,
2015,Currus UR-18|Regular,
458,Maximus UM-63|Moderation,
2016,Currus UR-19|Regular,
459,Maximus UM-64|Moderation,
2019,Currus UR-22|Regular,
460,Maximus UM-65|Moderation,
2022,Currus UR-25|Regular,
461,Maximus UM-66|Moderation,
2026,Currus UR-29|Regular,
462,Maximus UM-67|Moderation,
2028,Currus UR-31|Regular,
463,Maximus UM-68|Moderation,
2029,Currus UR-32|Regular,
464,Maximus UM-69|Moderation,
2032,Currus UR-35|Regular,
465,Maximus UM-70|Moderation,
2034,Currus UR-37|Regular,
466,Maximus UM-71|Moderation,
2036,Currus UR-39|Regular,
467,Maximus UM-72|Moderation,
2039,Currus UR-42|Regular,
468,Maximus UM-73|Moderation,
469,Maximus UM-74|Moderation,
470,Maximus UM-75|Moderation,
471,Maximus UM-76|Moderation,
472,Maximus UM-77|Moderation,
473,Maximus UM-78|Moderation,
474,Maximus UM-79|Moderation,
475,Maximus UM-80|Moderation,
476,Maximus UM-81|Moderation,
477,Maximus UM-82|Moderation,
478,Maximus UM-83|Moderation,
479,Maximus UM-84|Moderation,
480,Maximus UM-85|Moderation,
481,Maximus UM-86|Moderation,
482,Maximus UM-87|Moderation,
483,Maximus UM-88|Moderation,
484,Maximus UM-89|Moderation,
485,Maximus UM-90|Moderation,
486,Maximus UM-91|Moderation,
487,Maximus UM-92|Moderation,
488,Maximus UM-93|Moderation,
489,Maximus UM-94|Moderation,
490,Maximus UM-95|Moderation,
491,Maximus UM-96|Moderation,
492,Maximus UM-97|Moderation,
493,Maximus UM-98|Moderation,
494,Maximus UM-99|Moderation,
495,Maximus UM-00|Moderation,
496,Maximus UM-01|Moderation,
497,Maximus UM-02|Moderation,
498,Maximus UM-03|Moderation,
499,Maximus UM-04|Moderation,
500,Maximus UM-05|Moderation,
501,Maximus UM-06|Moderation,
502,Maximus UM-07|Moderation,
503,Maximus UM-08|Moderation,
504,Maximus UM-09|Moderation,
505,Maximus UM-10|Moderation,
506,Maximus UM-11|Moderation,
507,Maximus UM-12|Moderation,
508,Maximus UM-13|Moderation,
509,Maximus UM-14|Moderation,
510,Maximus UM-15|Moderation,
511,Maximus UM-16|Moderation,
512,Maximus UR-01|Regular,Urban
513,Maximus UE-01|Extreme,Urban
514,Maximus UE-02|Extreme,
515,Maximus UE-03|Extreme,
516,Maximus UE-04|Extreme,
517,Maximus UE-05|Extreme,
518,Maximus UE-06|Extreme,
519,Maximus UE-07|Extreme,
520,Maximus UE-08|Extreme,
521,Maximus UE-09|Extreme,
522,Maximus UE-10|Extreme,
523,Maximus UE-11|Extreme,
524,Maximus UE-12|Extreme,
525,Maximus UE-13|Extreme,
526,Maximus UE-14|Extreme,
527,Maximus UE-15|Extreme,
528,Maximus UE-16|Extreme,
529,Maximus UE-17|Extreme,
530,Maximus UE-18|Extreme,
531,Maximus UE-19|Extreme,
532,Maximus UE-20|Extreme,
533,Maximus UE-21|Extreme,
534,Maximus UE-22|Extreme,
535,Maximus UE-23|Extreme,
536,Maximus UC-01|Convenience,Urban
537,Maximus UC-02|Convenience,
538,Maximus UC-03|Convenience,
539,Maximus UC-04|Convenience,
540,Maximus UC-05|Convenience,
541,Maximus UC-06|Convenience,
542,Maximus UC-07|Convenience,
543,Maximus UC-08|Convenience,
544,Maximus UC-09|Convenience,
545,Maximus UC-10|Convenience,
546,Maximus UC-11|Convenience,
547,Maximus UC-12|Convenience,
548,Maximus UC-13|Convenience,
549,Maximus UC-14|Convenience,
550,Maximus UC-15|Convenience,
551,Maximus UC-16|Convenience,
552,Maximus UC-17|Convenience,
553,Maximus UC-18|Convenience,
554,Maximus UC-19|Convenience,
555,Maximus UC-20|Convenience,
556,Maximus UC-21|Convenience,
557,Maximus UC-22|Convenience,
558,Maximus UC-23|Convenience,
559,Maximus UC-24|Convenience,
560,Maximus UC-25|Convenience,
561,Maximus UC-26|Convenience,
562,Maximus UC-27|Convenience,
563,Maximus UC-28|Convenience,
564,Maximus UC-29|Convenience,
565,Maximus UC-30|Convenience,
566,Maximus UC-31|Convenience,
567,Maximus UC-32|Convenience,
568,Maximus UC-33|Convenience,
569,Maximus UC-34|Convenience,
570,Maximus UC-35|Convenience,
571,Maximus UC-36|Convenience,
572,Maximus UC-37|Convenience,
573,Maximus UC-38|Convenience,
574,Maximus UC-39|Convenience,
575,Maximus UC-40|Convenience,
576,Maximus UC-41|Convenience,
577,Maximus UC-42|Convenience,
578,Maximus UC-43|Convenience,
579,Maximus UC-44|Convenience,
580,Maximus UC-45|Convenience,
581,Maximus UC-46|Convenience,
582,Maximus UC-47|Convenience,
583,Maximus UC-48|Convenience,
584,Maximus UC-49|Convenience,
585,Maximus UC-50|Convenience,
586,Maximus UC-51|Convenience,
587,Maximus UC-52|Convenience,
588,Maximus UC-53|Convenience,
589,Maximus UC-54|Convenience,
590,Maximus UC-55|Convenience,
591,Maximus UC-56|Convenience,
592,Maximus UC-57|Convenience,
593,Maximus UC-58|Convenience,
594,Maximus UC-59|Convenience,
595,Maximus UC-60|Convenience,
596,Maximus UC-61|Convenience,
597,Maximus UC-62|Convenience,
598,Maximus UC-63|Convenience,
599,Maximus UC-64|Convenience,
600,Maximus UC-65|Convenience,
601,Maximus UC-66|Convenience,
602,Maximus UC-67|Convenience,
603,Maximus UC-68|Convenience,
604,Maximus UC-69|Convenience,
605,Maximus UC-70|Convenience,
606,Maximus UC-71|Convenience,
607,Maximus UC-72|Convenience,
608,Maximus UC-73|Convenience,
609,Maximus UC-74|Convenience,
610,Maximus UC-75|Convenience,
611,Maximus UC-76|Convenience,
612,Maximus UC-77|Convenience,
613,Maximus UC-78|Convenience,
614,Maximus UC-79|Convenience,
615,Maximus UC-80|Convenience,
616,Maximus UC-81|Convenience,
617,Maximus UC-82|Convenience,
618,Maximus UC-83|Convenience,
619,Maximus UC-84|Convenience,
620,Maximus UC-85|Convenience,
621,Maximus UC-86|Convenience,
622,Maximus UC-87|Convenience,
623,Maximus UC-88|Convenience,
624,Maximus UC-89|Convenience,
625,Maximus UC-90|Convenience,
626,Maximus UC-91|Convenience,
627,Maximus UC-92|Convenience,
628,Maximus UC-93|Convenience,
629,Maximus UC-94|Convenience,
630,Maximus UC-95|Convenience,
631,Maximus UC-96|Convenience,
632,Maximus UC-97|Convenience,
633,Maximus UC-98|Convenience,
634,Maximus UC-99|Convenience,
635,Maximus UC-00|Convenience,
636,Maximus UC-01|Convenience,
1882,Leo UC-01|Convenience,Urban
637,Maximus UC-02|Convenience,
1883,Leo UC-02|Convenience,
638,Maximus UC-03|Convenience,
1884,Leo UC-03|Convenience,
639,Maximus UC-04|Convenience,
1885,Leo UC-04|Convenience,
640,Maximus UC-05|Convenience,
1886,Leo UC-05|Convenience,
641,Maximus UC-06|Convenience,
1887,Leo UC-06|Convenience,
642,Maximus UC-07|Convenience,
1888,Leo UC-07|Convenience,
643,Maximus UC-08|Convenience,
1889,Leo UC-08|Convenience,
644,Maximus UC-09|Convenience,
1890,Leo UC-09|Convenience,
645,Maximus UC-10|Convenience,
1891,Leo UC-10|Convenience,
646,Maximus UC-11|Convenience,
1892,Leo UC-11|Convenience,
647,Maximus UC-12|Convenience,
1893,Leo UC-12|Convenience,
648,Maximus UC-13|Convenience,
1894,Leo UC-13|Convenience,
649,Maximus UC-14|Convenience,
1895,Leo UC-14|Convenience,
650,Maximus UC-15|Convenience,
1896,Leo UC-15|Convenience,
651,Maximus UC-16|Convenience,
1897,Leo UC-16|Convenience,
652,Maximus UC-17|Convenience,
1898,Leo UC-17|Convenience,
653,Maximus UC-18|Convenience,
1899,Leo UC-18|Convenience,
654,Maximus UC-19|Convenience,
1901,Leo UC-20|Convenience,
655,Maximus UC-20|Convenience,
1902,Leo UC-21|Convenience,
656,Maximus UC-21|Convenience,
1903,Leo UC-22|Convenience,
657,Maximus UC-22|Convenience,
1904,Leo UC-23|Convenience,
658,Maximus UC-23|Convenience,
1905,Leo UC-24|Convenience,
659,Maximus UC-24|Convenience,
1906,Leo UC-25|Convenience,
660,Maximus UC-25|Convenience,
1907,Leo UC-26|Convenience,
661,Maximus UC-26|Convenience,
1863,Leo UM-01|Moderation,Urban
662,Maximus UC-27|Convenience,
1864,Leo UM-02|Moderation,
663,Maximus UC-28|Convenience,
1865,Leo UM-03|Moderation,
664,Maximus UC-29|Convenience,
1866,Leo UM-04|Moderation,
665,Maximus UC-30|Convenience,
1867,Leo UM-05|Moderation,
666,Maximus UC-31|Convenience,
1868,Leo UM-06|Moderation,
667,Maximus UC-32|Convenience,
1869,Leo UM-07|Moderation,
668,Maximus UC-33|Convenience,
1870,Leo UM-08|Moderation,
669,Maximus UC-34|Convenience,
1871,Leo UM-09|Moderation,
670,Maximus UC-35|Convenience,
1872,Leo UM-10|Moderation,
671,Maximus UC-36|Convenience,
1873,Leo UM-11|Moderation,
672,Maximus UC-37|Convenience,
1874,Leo UM-12|Moderation,
673,Maximus UC-38|Convenience,
1875,Leo UM-13|Moderation,
674,Maximus UC-39|Convenience,
1876,Leo UM-14|Moderation,
675,Maximus UC-40|Convenience,
1877,Leo UM-15|Moderation,
676,Maximus UC-41|Convenience,
1878,Leo UM-16|Moderation,
677,Maximus UC-42|Convenience,
1879,Leo UM-17|Moderation,
678,Maximus UC-43|Convenience,
1880,Leo UM-18|Moderation,
679,Maximus UC-44|Convenience,
1881,Leo UM-19|Moderation,
680,Maximus UC-45|Convenience,
681,Maximus UC-46|Convenience,
682,Maximus UC-47|Convenience,
683,Maximus UC-48|Convenience,
684,Maximus UC-49|Convenience,
685,Maximus UC-50|Convenience,
686,Maximus UC-51|Convenience,
687,Maximus UC-52|Convenience,
688,Maximus UC-53|Convenience,
689,Maximus UC-54|Convenience,
690,Maximus UC-55|Convenience,
691,Maximus UC-56|Convenience,
692,Maximus UC-57|Convenience,
693,Maximus UC-58|Convenience,
694,Natura MA-01|All Season,Mix
695,Natura MA-02|All Season,
696,Natura MA-03|All Season,
697,Natura MA-04|All Season,
698,Natura MA-05|All Season,
699,Natura MA-06|All Season,
700,Natura MA-07|All Season,
701,Natura MA-08|All Season,
702,Natura MA-09|All Season,
703,Natura MA-10|All Season,
704,Natura MA-11|All Season,
705,Natura MA-12|All Season,
706,Natura MA-13|All Season,
707,Natura MA-14|All Season,
708,Natura MA-15|All Season,
709,Natura MA-16|All Season,
710,Natura MA-17|All Season,
711,Natura MA-18|All Season,
712,Natura MA-19|All Season,
713,Natura RP-01|Productivity,Rural
714,Natura RP-02|Productivity,
715,Natura RP-03|Productivity,
716,Natura RP-04|Productivity,
717,Natura RP-05|Productivity,
718,Natura RP-06|Productivity,
719,Natura RP-07|Productivity,
720,Natura RP-08|Productivity,
721,Natura RP-09|Productivity,
722,Natura RP-10|Productivity,
723,Natura RP-11|Productivity,
724,Natura RP-12|Productivity,
725,Natura RP-13|Productivity,
726,Natura RP-14|Productivity,
727,Natura RP-15|Productivity,
728,Natura RP-16|Productivity,
729,Natura RP-17|Productivity,
730,Natura RP-18|Productivity,
731,Natura RP-19|Productivity,
732,Natura RP-20|Productivity,
733,Natura RP-21|Productivity,
734,Natura RP-22|Productivity,
735,Natura RP-23|Productivity,
736,Natura RP-24|Productivity,
737,Natura RP-25|Productivity,
738,Natura RP-26|Productivity,
739,Natura RP-27|Productivity,
740,Natura RP-28|Productivity,
741,Natura RP-29|Productivity,
742,Natura RP-30|Productivity,
743,Natura RP-31|Productivity,
744,Natura RP-32|Productivity,
745,Natura RP-33|Productivity,
746,Natura RP-34|Productivity,
747,Natura RP-35|Productivity,
748,Natura RP-36|Productivity,
749,Natura RP-37|Productivity,
750,Natura RP-38|Productivity,
751,Natura RP-39|Productivity,
752,Natura RP-40|Productivity,
753,Natura RP-41|Productivity,
754,Natura RP-42|Productivity,
755,Natura RP-43|Productivity,
756,Natura RP-44|Productivity,
757,Natura RP-45|Productivity,
758,Natura RP-46|Productivity,
759,Natura RP-47|Productivity,
760,Natura RP-48|Productivity,
761,Natura RP-49|Productivity,
762,Natura RP-50|Productivity,
763,Natura RP-51|Productivity,
764,Natura RP-52|Productivity,
765,Natura RP-53|Productivity,
766,Natura RP-54|Productivity,
767,Natura RP-55|Productivity,
768,Natura RP-56|Productivity,
769,Natura RP-57|Productivity,
770,Natura RP-58|Productivity,
771,Natura RP-59|Productivity,
772,Natura RP-60|Productivity,
773,Natura RP-61|Productivity,
774,Natura RP-62|Productivity,
775,Natura RP-63|Productivity,
776,Natura RP-64|Productivity,
777,Natura RP-65|Productivity,
778,Natura RP-66|Productivity,
779,Natura RP-67|Productivity,
780,Natura RP-68|Productivity,
781,Natura RP-69|Productivity,
782,Natura RP-70|Productivity,
783,Natura RP-71|Productivity,
784,Natura RP-72|Productivity,
785,Natura RP-73|Productivity,
786,Natura RP-74|Productivity,
787,Natura RP-75|Productivity,
788,Natura RP-76|Productivity,
789,Natura RP-77|Productivity,
790,Natura RP-78|Productivity,
791,Natura RP-79|Productivity,
792,Natura RP-80|Productivity,
793,Natura RP-81|Productivity,
794,Natura RP-82|Productivity,
795,Natura RP-83|Productivity,
796,Natura RP-84|Productivity,
797,Natura RS-01|Select,Rural
798,Natura RS-02|Select,
799,Natura RS-03|Select,
800,Natura RS-04|Select,
801,Natura RS-05|Select,
802,Natura RS-06|Select,
803,Natura RS-07|Select,
804,Natura RS-08|Select,
805,Natura RS-09|Select,
806,Natura RS-10|Select,
807,Natura RS-11|Select,
808,Natura RS-12|Select,
809,Natura RS-13|Select,
810,Natura RS-14|Select,
811,Natura RS-15|Select,
812,Natura RS-16|Select,
813,Natura RS-17|Select,
814,Natura RS-18|Select,
815,Natura RS-19|Select,
816,Natura RS-20|Select,
817,Natura UM-01|Moderation,Urban
818,Natura UM-02|Moderation,
819,Natura UM-03|Moderation,
820,Natura UM-04|Moderation,
821,Natura UM-05|Moderation,
822,Natura UM-06|Moderation,
823,Natura UM-07|Moderation,
824,Natura UM-08|Moderation,
825,Natura UM-09|Moderation,
826,Natura UM-10|Moderation,
827,Natura UM-11|Moderation,
828,Natura UM-12|Moderation,
829,Natura UM-13|Moderation,
830,Natura UM-14|Moderation,
831,Natura UM-15|Moderation,
832,Natura UM-16|Moderation,
833,Natura UM-17|Moderation,
834,Natura UM-18|Moderation,
835,Natura UM-19|Moderation,
836,Natura UM-20|Moderation,
837,Natura UM-21|Moderation,
838,Natura UM-22|Moderation,
839,Natura UM-23|Moderation,
840,Natura UM-24|Moderation,
841,Natura UM-25|Moderation,
842,Natura UM-26|Moderation,
843,Natura UM-27|Moderation,
844,Natura UM-28|Moderation,
845,Natura UM-29|Moderation,
846,Natura UM-30|Moderation,
847,Natura UM-31|Moderation,
848,Natura UM-32|Moderation,
849,Natura UM-33|Moderation,
850,Natura UM-34|Moderation,
851,Natura UM-35|Moderation,
852,Natura UM-36|Moderation,
853,Natura UM-37|Moderation,
854,Natura UM-38|Moderation,
855,Natura UR-01|Regular,Urban
856,Natura UR-02|Regular,
857,Natura UR-03|Regular,
858,Natura UR-04|Regular,
859,Natura UR-05|Regular,
860,Natura UR-06|Regular,
861,Natura UR-07|Regular,
862,Natura UR-08|Regular,
863,Natura UR-09|Regular,
864,Natura UR-10|Regular,
865,Natura UR-11|Regular,
866,Natura UR-12|Regular,
867,Natura UR-13|Regular,
868,Natura UR-14|Regular,
869,Natura UR-15|Regular,
870,Natura UR-16|Regular,
871,Natura UR-17|Regular,
872,Natura UR-18|Regular,
873,Natura UR-19|Regular,
874,Natura UR-20|Regular,
875,Natura UR-21|Regular,
876,Natura UR-22|Regular,
877,Natura UR-23|Regular,
878,Natura UR-24|Regular,
879,Natura UR-25|Regular,
880,Natura UR-26|Regular,
881,Natura UR-27|Regular,
882,Natura UR-28|Regular,
883,Natura UR-29|Regular,
884,Natura UR-30|Regular,
885,Natura UR-31|Regular,
886,Natura UR-32|Regular,
887,Natura UR-33|Regular,
888,Natura UR-34|Regular,
889,Natura UR-35|Regular,
890,Natura UR-36|Regular,
891,Natura UR-37|Regular,
892,Natura UE-01|Extreme,Urban
893,Natura UE-02|Extreme,
894,Natura UE-03|Extreme,
895,Natura UE-04|Extreme,
896,Natura UE-05|Extreme,
897,Natura UE-06|Extreme,
898,Natura UE-07|Extreme,
899,Natura UE-08|Extreme,
900,Natura UE-09|Extreme,
901,Natura UE-10|Extreme,
902,Natura UE-11|Extreme,
903,Natura UE-12|Extreme,
904,Natura UE-13|Extreme,
905,Natura UE-14|Extreme,
906,Natura UE-15|Extreme,
907,Natura UE-16|Extreme,
908,Natura UE-17|Extreme,
909,Natura UE-18|Extreme,
910,Natura UE-19|Extreme,
911,Natura UE-20|Extreme,
912,Natura UE-21|Extreme,
913,Natura UE-22|Extreme,
914,Natura UE-23|Extreme,
915,Natura UE-24|Extreme,
916,Natura UE-25|Extreme,
917,Natura UE-26|Extreme,
918,Natura UE-27|Extreme,
919,Natura UE-28|Extreme,
920,Natura UE-29|Extreme,
921,Natura UE-30|Extreme,
922,Natura UE-31|Extreme,
923,Natura UE-32|Extreme,
924,Natura UE-33|Extreme,
925,Natura UE-34|Extreme,
926,Natura UE-35|Extreme,
927,Natura UE-36|Extreme,
928,Natura UE-37|Extreme,
929,Natura UE-38|Extreme,
930,Natura UE-39|Extreme,
931,Natura UE-40|Extreme,
932,Natura UE-41|Extreme,
933,Natura UE-42|Extreme,
934,Natura UE-43|Extreme,
935,Natura UE-44|Extreme,
936,Natura UE-45|Extreme,
937,Natura UE-46|Extreme,
938,Natura UC-01|Convenience,Urban
939,Natura UC-02|Convenience,
940,Natura UC-03|Convenience,
941,Natura UC-04|Convenience,
942,Natura UC-05|Convenience,
943,Natura UC-06|Convenience,
944,Natura UC-07|Convenience,
945,Natura UC-08|Convenience,
946,Natura UC-09|Convenience,
947,Natura UC-10|Convenience,
948,Natura UC-11|Convenience,
949,Natura UC-12|Convenience,
950,Natura UC-13|Convenience,
951,Natura UC-14|Convenience,
952,Natura UC-15|Convenience,
953,Natura UC-16|Convenience,
954,Natura UC-17|Convenience,
955,Natura UC-18|Convenience,
956,Natura UC-19|Convenience,
957,Natura UC-20|Convenience,
958,Natura UC-21|Convenience,
959,Natura UC-22|Convenience,
960,Natura UC-23|Convenience,
961,Natura UC-24|Convenience,
962,Natura UC-25|Convenience,
963,Natura UC-26|Convenience,
964,Natura UC-27|Convenience,
965,Natura UC-28|Convenience,
966,Natura UC-29|Convenience,
967,Natura UC-30|Convenience,
968,Natura UC-31|Convenience,
969,Natura UC-32|Convenience,
970,Natura UC-33|Convenience,
971,Natura UC-34|Convenience,
972,Natura UC-35|Convenience,
973,Natura UC-36|Convenience,
974,Natura UC-37|Convenience,
975,Natura UC-38|Convenience,
976,Natura UC-39|Convenience,
977,Natura UC-40|Convenience,
978,Natura UC-41|Convenience,
979,Natura UC-42|Convenience,
980,Natura UC-43|Convenience,
981,Natura UC-44|Convenience,
982,Natura UC-45|Convenience,
983,Natura UC-46|Convenience,
984,Natura UC-47|Convenience,
985,Natura UC-48|Convenience,
986,Natura UC-49|Convenience,
987,Natura UC-50|Convenience,
988,Natura UC-51|Convenience,
989,Natura UC-52|Convenience,
990,Natura UC-53|Convenience,
991,Natura UC-54|Convenience,
992,Natura UC-55|Convenience,
993,Natura UC-56|Convenience,
994,Natura UC-57|Convenience,
995,Natura UC-58|Convenience,
996,Natura UC-59|Convenience,
997,Natura UC-60|Convenience,
998,Natura UC-61|Convenience,
999,Natura UC-62|Convenience,
1000,Natura YY-01|Youth,Youth
1001,Natura YY-02|Youth,
1002,Natura YY-03|Youth,
1003,Natura YY-04|Youth,
1004,Natura YY-05|Youth,
1005,Natura YY-06|Youth,
1006,Natura YY-07|Youth,
1007,Natura YY-08|Youth,
1008,Natura YY-09|Youth,
1009,Natura YY-10|Youth,
1010,Natura YY-11|Youth,
1011,Natura YY-12|Youth,
1012,Natura YY-13|Youth,
1013,Natura YY-14|Youth,
1014,Natura YY-15|Youth,
1015,Natura YY-16|Youth,
1016,Natura YY-17|Youth,
1017,Natura YY-18|Youth,
1018,Natura YY-19|Youth,
1019,Natura YY-20|Youth,
1020,Natura YY-21|Youth,
1021,Natura YY-22|Youth,
1022,Natura YY-23|Youth,
1023,Natura YY-24|Youth,
1024,Natura YY-25|Youth,
1025,Natura YY-26|Youth,
1026,Natura YY-27|Youth,
1027,Palma UM-01|Moderation,Urban
1028,Palma UM-02|Moderation,
1029,Palma UC-01|Convenience,Urban
1030,Palma UC-02|Convenience,
1031,Palma UC-03|Convenience,
1032,Palma UC-04|Convenience,
1033,Palma UC-05|Convenience,
1034,Palma UC-06|Convenience,
1035,Palma UC-07|Convenience,
1036,Palma UC-08|Convenience,
1037,Palma UC-09|Convenience,
1038,Palma UC-10|Convenience,
1039,Palma UC-11|Convenience,
1040,Palma UC-12|Convenience,
1041,Palma UC-13|Convenience,
1042,Palma UC-14|Convenience,
1043,Pirum MA-01|All Season,Mix
1044,Pirum MA-02|All Season,
1045,Pirum MA-03|All Season,
1046,Pirum MA-04|All Season,
1047,Pirum MA-05|All Season,
1048,Pirum MA-06|All Season,
1049,Pirum MA-07|All Season,
1050,Pirum MA-08|All Season,
1051,Pirum MA-09|All Season,
1052,Pirum MA-10|All Season,
1053,Pirum MA-11|All Season,
1054,Pirum MA-12|All Season,
1055,Pirum RP-01|Productivity,Rural
1056,Pirum RP-02|Productivity,
1057,Pirum RP-03|Productivity,
1058,Pirum RP-04|Productivity,
1059,Pirum RP-05|Productivity,
1060,Pirum RP-06|Productivity,
1061,Pirum RP-07|Productivity,
1062,Pirum RP-08|Productivity,
1063,Pirum RP-09|Productivity,
1064,Pirum RP-10|Productivity,
1065,Pirum RP-11|Productivity,
1066,Pirum RP-12|Productivity,
1067,Pirum RP-13|Productivity,
1068,Pirum RP-14|Productivity,
1069,Pirum RP-15|Productivity,
1070,Pirum RP-16|Productivity,
1071,Pirum RP-17|Productivity,
1072,Pirum RP-18|Productivity,
1073,Pirum RP-19|Productivity,
1074,Pirum RP-20|Productivity,
1075,Pirum RP-21|Productivity,
1076,Pirum RP-22|Productivity,
1077,Pirum RP-23|Productivity,
1078,Pirum RP-24|Productivity,
1079,Pirum RP-25|Productivity,
1080,Pirum RP-26|Productivity,
1081,Pirum RP-27|Productivity,
1082,Pirum RP-28|Productivity,
1083,Pirum RP-29|Productivity,
1084,Pirum RP-30|Productivity,
1085,Pirum RP-31|Productivity,
1086,Pirum RP-32|Productivity,
1087,Pirum RP-33|Productivity,
1088,Pirum RP-34|Productivity,
1089,Pirum RP-35|Productivity,
1090,Pirum RP-36|Productivity,
1091,Pirum RP-37|Productivity,
1092,Pirum RP-38|Productivity,
1093,Pirum RP-39|Productivity,
1094,Pirum RP-40|Productivity,
1095,Pirum RP-41|Productivity,
1096,Pirum RP-42|Productivity,
1097,Pirum RP-43|Productivity,
1098,Pirum RP-44|Productivity,
1099,Pirum RP-45|Productivity,
1100,Pirum RP-46|Productivity,
1101,Pirum RP-47|Productivity,
1102,Pirum RP-48|Productivity,
1103,Pirum RP-49|Productivity,
1104,Pirum RP-50|Productivity,
1105,Pirum RP-51|Productivity,
1106,Pirum RP-52|Productivity,
1107,Pirum RP-53|Productivity,
1108,Pirum RP-54|Productivity,
1109,Pirum RP-55|Productivity,
1110,Pirum RP-56|Productivity,
1111,Pirum RP-57|Productivity,
1112,Pirum RP-58|Productivity,
1113,Pirum RS-01|Select,Rural
1114,Pirum RS-02|Select,
1115,Pirum RS-03|Select,
1116,Pirum RS-04|Select,
1117,Pirum RS-05|Select,
1118,Pirum RS-06|Select,
1119,Pirum RS-07|Select,
1120,Pirum RS-08|Select,
1121,Pirum RS-09|Select,
1122,Pirum RS-10|Select,
1123,Pirum RS-11|Select,
1124,Pirum UM-01|Moderation,Urban
1125,Pirum UM-02|Moderation,
1126,Pirum UM-03|Moderation,
1127,Pirum UM-04|Moderation,
1128,Pirum UM-05|Moderation,
1129,Pirum UM-06|Moderation,
1130,Pirum UM-07|Moderation,
1131,Pirum UM-08|Moderation,
1132,Pirum UM-09|Moderation,
1133,Pirum UM-10|Moderation,
1134,Pirum UM-11|Moderation,
1135,Pirum UM-12|Moderation,
1136,Pirum UM-13|Moderation,
1137,Pirum UM-14|Moderation,
1138,Pirum UM-15|Moderation,
1139,Pirum UM-16|Moderation,
1140,Pirum UM-17|Moderation,
1141,Pirum UM-18|Moderation,
1142,Pirum UM-19|Moderation,
1143,Pirum UM-20|Moderation,
1144,Pirum UR-01|Regular,Urban
1145,Pirum UR-02|Regular,
1146,Pirum UR-03|Regular,
1147,Pirum UR-04|Regular,
1148,Pirum UR-05|Regular,
1149,Pirum UR-06|Regular,
1150,Pirum UR-07|Regular,
1151,Pirum UR-08|Regular,
1152,Pirum UR-09|Regular,
1153,Pirum UR-10|Regular,
1154,Pirum UR-11|Regular,
1155,Pirum UR-12|Regular,
1156,Pirum UR-13|Regular,
1157,Pirum UR-14|Regular,
1158,Pirum UR-15|Regular,
1159,Pirum UR-16|Regular,
1160,Pirum UR-17|Regular,
1161,Pirum UR-18|Regular,
1162,Pirum UR-19|Regular,
1163,Pirum UR-20|Regular,
1164,Pirum UR-21|Regular,
1165,Pirum UE-01|Extreme,Urban
1166,Pirum UE-02|Extreme,
1167,Pirum UE-03|Extreme,
1168,Pirum UE-04|Extreme,
1169,Pirum UE-05|Extreme,
1170,Pirum UE-06|Extreme,
1171,Pirum UE-07|Extreme,
1172,Pirum UE-08|Extreme,
1173,Pirum UE-09|Extreme,
1174,Pirum UE-10|Extreme,
1175,Pirum UE-11|Extreme,
1176,Pirum UE-12|Extreme,
1177,Pirum UE-13|Extreme,
1178,Pirum UE-14|Extreme,
1179,Pirum UE-15|Extreme,
1180,Pirum UE-16|Extreme,
1181,Pirum UE-17|Extreme,
1182,Pirum UE-18|Extreme,
1183,Pirum UE-19|Extreme,
1184,Pirum UE-20|Extreme,
1185,Pirum UE-21|Extreme,
1186,Pirum UE-22|Extreme,
1187,Pirum UE-23|Extreme,
1188,Pirum UE-24|Extreme,
1189,Pirum UE-25|Extreme,
1190,Pirum UE-26|Extreme,
1191,Pirum UE-27|Extreme,
1192,Pirum UE-28|Extreme,
1193,Pirum UE-29|Extreme,
1194,Pirum UE-30|Extreme,
1195,Pirum UE-31|Extreme,
1196,Pirum UE-32|Extreme,
1197,Pirum UE-33|Extreme,
1198,Pirum UE-34|Extreme,
1199,Pirum UC-01|Convenience,Urban
1200,Pirum UC-02|Convenience,
1201,Pirum UC-03|Convenience,
1202,Pirum UC-04|Convenience,
1203,Pirum UC-05|Convenience,
1204,Pirum UC-06|Convenience,
1205,Pirum UC-07|Convenience,
1206,Pirum UC-08|Convenience,
1207,Pirum UC-09|Convenience,
1208,Pirum UC-10|Convenience,
1209,Pirum UC-11|Convenience,
1210,Pirum UC-12|Convenience,
1211,Pirum UC-13|Convenience,
1212,Pirum UC-14|Convenience,
1213,Pirum UC-15|Convenience,
1214,Pirum UC-16|Convenience,
1215,Pirum UC-17|Convenience,
1216,Pirum UC-18|Convenience,
1217,Pirum UC-19|Convenience,
1218,Pirum UC-20|Convenience,
1219,Pirum UC-21|Convenience,
1220,Pirum UC-22|Convenience,
1221,Pirum UC-23|Convenience,
1222,Pirum UC-24|Convenience,
1223,Pirum UC-25|Convenience,
1224,Pirum UC-26|Convenience,
1225,Pirum UC-27|Convenience,
1226,Pirum UC-28|Convenience,
1227,Pirum UC-29|Convenience,
1228,Pirum UC-30|Convenience,
1229,Pirum UC-31|Convenience,
1230,Pirum UC-32|Convenience,
1231,Pirum UC-33|Convenience,
1232,Pirum UC-34|Convenience,
1233,Quibus MP-01|Productivity,Mix
1234,Quibus MP-02|Productivity,
1235,Quibus MP-03|Productivity,
1236,Quibus MP-04|Productivity,
1237,Quibus MP-05|Productivity,
1238,Quibus MP-06|Productivity,
1239,Quibus MP-07|Productivity,
1240,Quibus MP-08|Productivity,
1241,Quibus MP-09|Productivity,
1242,Quibus MP-10|Productivity,
1243,Quibus MP-11|Productivity,
1244,Quibus MP-12|Productivity,
1245,Quibus MP-13|Productivity,
1246,Quibus MP-14|Productivity,
1247,Quibus MP-15|Productivity,
1248,Quibus MP-16|Productivity,
1249,Quibus MP-17|Productivity,
1250,Quibus MP-18|Productivity,
1251,Quibus MP-19|Productivity,
1252,Quibus MP-20|Productivity,
1253,Quibus MP-21|Productivity,
1254,Quibus MP-22|Productivity,
1255,Quibus MP-23|Productivity,
1256,Quibus MP-24|Productivity,
1257,Quibus MP-25|Productivity,
1258,Quibus MP-26|Productivity,
1259,Quibus MP-27|Productivity,
1260,Quibus MP-28|Productivity,
1261,Quibus MP-29|Productivity,
1262,Quibus MP-30|Productivity,
1263,Quibus MP-31|Productivity,
1264,Quibus MP-32|Productivity,
1265,Quibus MA-01|All Season,Mix
1266,Quibus MA-02|All Season,
1267,Quibus MA-03|All Season,
1268,Quibus MA-04|All Season,
1269,Quibus MA-05|All Season,
1270,Quibus MA-06|All Season,
1271,Quibus MA-07|All Season,
1272,Quibus MA-08|All Season,
1273,Quibus MA-09|All Season,
1274,Quibus MA-10|All Season,
1275,Quibus MA-11|All Season,
1276,Quibus MA-12|All Season,
1277,Quibus MA-13|All Season,
1278,Quibus MA-14|All Season,
1279,Quibus MA-15|All Season,
1280,Quibus MA-16|All Season,
1281,Quibus MA-17|All Season,
1282,Quibus MA-18|All Season,
1283,Quibus MA-19|All Season,
1284,Quibus MA-20|All Season,
1285,Quibus MA-21|All Season,
1286,Quibus MA-22|All Season,
1287,Quibus MA-23|All Season,
1288,Quibus MA-24|All Season,
1289,Quibus MA-25|All Season,
1290,Quibus MA-26|All Season,
1291,Quibus MA-27|All Season,
1292,Quibus MA-28|All Season,
1293,Quibus MA-29|All Season,
1294,Quibus MA-30|All Season,
1295,Quibus MA-31|All Season,
1296,Quibus MA-32|All Season,
1297,Quibus MA-33|All Season,
1298,Quibus MA-34|All Season,
1299,Quibus MA-35|All Season,
1300,Quibus MA-36|All Season,
1301,Quibus MA-37|All Season,
1302,Quibus MA-38|All Season,
1303,Quibus MA-39|All Season,
1304,Quibus MA-40|All Season,
1305,Quibus MA-41|All Season,
1306,Quibus MA-42|All Season,
1307,Quibus MA-43|All Season,
1308,Quibus MA-44|All Season,
1309,Quibus RP-01|Productivity,Rural
1310,Quibus RP-02|Productivity,
1311,Quibus RP-03|Productivity,
1312,Quibus RP-04|Productivity,
1313,Quibus RP-05|Productivity,
1314,Quibus RP-06|Productivity,
1315,Quibus RP-07|Productivity,
1316,Quibus RP-08|Productivity,
1317,Quibus RP-09|Productivity,
1318,Quibus RP-10|Productivity,
1319,Quibus RP-11|Productivity,
1320,Quibus RP-12|Productivity,
1321,Quibus RP-13|Productivity,
1322,Quibus RP-14|Productivity,
1323,Quibus RP-15|Productivity,
1324,Quibus RP-16|Productivity,
1325,Quibus RP-17|Productivity,
1326,Quibus RP-18|Productivity,
1327,Quibus RP-19|Productivity,
1328,Quibus RP-20|Productivity,
1329,Quibus RP-21|Productivity,
1330,Quibus RP-22|Productivity,
1331,Quibus RP-23|Productivity,
1332,Quibus RP-24|Productivity,
1333,Quibus RP-25|Productivity,
1334,Quibus RP-26|Productivity,
1335,Quibus RP-27|Productivity,
1336,Quibus RP-28|Productivity,
1337,Quibus RP-29|Productivity,
1338,Quibus RP-30|Productivity,
1339,Quibus RP-31|Productivity,
1340,Quibus RP-32|Productivity,
1341,Quibus RP-33|Productivity,
1342,Quibus RP-34|Productivity,
1343,Quibus RP-35|Productivity,
1344,Quibus RP-36|Productivity,
1345,Quibus RP-37|Productivity,
1346,Quibus RP-38|Productivity,
1347,Quibus RP-39|Productivity,
1348,Quibus RP-40|Productivity,
1349,Quibus RP-41|Productivity,
1350,Quibus RP-42|Productivity,
1351,Quibus RP-43|Productivity,
1352,Quibus RP-44|Productivity,
1353,Quibus RP-45|Productivity,
1354,Quibus RP-46|Productivity,
1355,Quibus RP-47|Productivity,
1356,Quibus RP-48|Productivity,
1357,Quibus RP-49|Productivity,
1358,Quibus RP-50|Productivity,
1359,Quibus RP-51|Productivity,
1360,Quibus RP-52|Productivity,
1361,Quibus RP-53|Productivity,
1362,Quibus RP-54|Productivity,
1363,Quibus RP-55|Productivity,
1364,Quibus RP-56|Productivity,
1365,Quibus RP-57|Productivity,
1366,Quibus RP-58|Productivity,
1367,Quibus RP-59|Productivity,
1368,Quibus RP-60|Productivity,
1369,Quibus RP-61|Productivity,
1370,Quibus RP-62|Productivity,
1371,Quibus RP-63|Productivity,
1372,Quibus RP-64|Productivity,
1373,Quibus RP-65|Productivity,
1374,Quibus RP-66|Productivity,
1375,Quibus RP-67|Productivity,
1376,Quibus RP-68|Productivity,
1377,Quibus RP-69|Productivity,
1378,Quibus RP-70|Productivity,
1379,Quibus RP-71|Productivity,
1380,Quibus RP-72|Productivity,
1381,Quibus RP-73|Productivity,
1382,Quibus RP-74|Productivity,
1383,Quibus RP-75|Productivity,
1384,Quibus RP-76|Productivity,
1385,Quibus RP-77|Productivity,
1386,Quibus RP-78|Productivity,
1387,Quibus RP-79|Productivity,
1388,Quibus RP-80|Productivity,
1389,Quibus RP-81|Productivity,
1390,Quibus RP-82|Productivity,
1391,Quibus RP-83|Productivity,
1392,Quibus RP-84|Productivity,
1393,Quibus RP-85|Productivity,
1394,Quibus RP-86|Productivity,
1395,Quibus RP-87|Productivity,
1396,Quibus RP-88|Productivity,
1397,Quibus RP-89|Productivity,
1398,Quibus RP-90|Productivity,
1399,Quibus RP-91|Productivity,
1400,Quibus RP-92|Productivity,
1401,Quibus RP-93|Productivity,
1402,Quibus RP-94|Productivity,
1403,Quibus RP-95|Productivity,
1404,Quibus RP-96|Productivity,
1405,Quibus RP-97|Productivity,
1406,Quibus RP-98|Productivity,
1407,Quibus RP-99|Productivity,
1408,Quibus RP-00|Productivity,
1409,Quibus RP-01|Productivity,
1410,Quibus RP-02|Productivity,
1411,Quibus RP-03|Productivity,
1412,Quibus RP-04|Productivity,
1413,Quibus RP-05|Productivity,
1414,Quibus RP-06|Productivity,
1415,Quibus RP-07|Productivity,
1416,Quibus RP-08|Productivity,
1417,Quibus RP-09|Productivity,
1418,Quibus RP-10|Productivity,
1419,Quibus RP-11|Productivity,
1420,Quibus RP-12|Productivity,
1726,Pomum MA-01|All Season,Mix
1421,Quibus RP-13|Productivity,
1727,Pomum MA-02|All Season,
1422,Quibus RP-14|Productivity,
1728,Pomum MA-03|All Season,
1423,Quibus RP-15|Productivity,
1729,Pomum MA-04|All Season,
1424,Quibus RP-16|Productivity,
1730,Pomum MA-05|All Season,
1425,Quibus RP-17|Productivity,
1731,Pomum MA-06|All Season,
1426,Quibus RP-18|Productivity,
1732,Pomum RP-01|Productivity,Rural
1427,Quibus RP-19|Productivity,
1733,Pomum RP-02|Productivity,
1428,Quibus RP-20|Productivity,
1734,Pomum RP-03|Productivity,
1429,Quibus RP-21|Productivity,
1735,Pomum RP-04|Productivity,
1430,Quibus RP-22|Productivity,
1736,Pomum RP-05|Productivity,
1431,Quibus RP-23|Productivity,
1737,Pomum RP-06|Productivity,
1432,Quibus RP-24|Productivity,
1740,Pomum RP-09|Productivity,
1433,Quibus RP-25|Productivity,
1741,Pomum RP-10|Productivity,
1434,Quibus RP-26|Productivity,
1742,Pomum RP-11|Productivity,
1435,Quibus RP-27|Productivity,
1743,Pomum RP-12|Productivity,
1436,Quibus RP-28|Productivity,
1744,Pomum RP-13|Productivity,
1437,Quibus RP-29|Productivity,
1745,Pomum RP-14|Productivity,
1438,Quibus RP-30|Productivity,
1748,Pomum RS-03|Select,
1439,Quibus RP-31|Productivity,
1795,Pomum UC-01|Convenience,Urban
1440,Quibus RP-32|Productivity,
1796,Pomum UC-02|Convenience,
1441,Quibus RP-33|Productivity,
1797,Pomum UC-03|Convenience,
1442,Quibus RP-34|Productivity,
1798,Pomum UC-04|Convenience,
1443,Quibus RP-35|Productivity,
1799,Pomum UC-05|Convenience,
1444,Quibus RP-36|Productivity,
1800,Pomum UC-06|Convenience,
1445,Quibus RP-37|Productivity,
1801,Pomum UC-07|Convenience,
1446,Quibus RP-38|Productivity,
1802,Pomum UC-08|Convenience,
1447,Quibus RP-39|Productivity,
1803,Pomum UC-09|Convenience,
1448,Quibus RP-40|Productivity,
1804,Pomum UC-10|Convenience,
1449,Quibus RP-41|Productivity,
1805,Pomum UC-11|Convenience,
1450,Quibus RP-42|Productivity,
1766,Pomum UE-01|Extreme,Urban
1451,Quibus RP-43|Productivity,
1767,Pomum UE-02|Extreme,
1452,Quibus RP-44|Productivity,
1768,Pomum UE-03|Extreme,
1453,Quibus RP-45|Productivity,
1769,Pomum UE-04|Extreme,
1454,Quibus RP-46|Productivity,
1770,Pomum UE-05|Extreme,
1455,Quibus RP-47|Productivity,
1771,Pomum UE-06|Extreme,
1456,Quibus RP-48|Productivity,
1772,Pomum UE-07|Extreme,
1457,Quibus RP-49|Productivity,
1773,Pomum UE-08|Extreme,
1458,Quibus RP-50|Productivity,
1774,Pomum UE-09|Extreme,
1459,Quibus RP-51|Productivity,
1775,Pomum UE-10|Extreme,
1460,Quibus RP-52|Productivity,
1776,Pomum UE-11|Extreme,
1461,Quibus RP-53|Productivity,
1777,Pomum UE-12|Extreme,
1462,Quibus RP-54|Productivity,
1778,Pomum UE-13|Extreme,
1463,Quibus RP-55|Productivity,
1779,Pomum UE-14|Extreme,
1464,Quibus RP-56|Productivity,
1780,Pomum UE-15|Extreme,
1465,Quibus RP-57|Productivity,
1781,Pomum UE-16|Extreme,
1466,Quibus RP-58|Productivity,
1782,Pomum UE-17|Extreme,
1467,Quibus RP-59|Productivity,
1783,Pomum UE-18|Extreme,
1468,Quibus RP-60|Productivity,
1784,Pomum UE-19|Extreme,
1469,Quibus RP-61|Productivity,
1785,Pomum UE-20|Extreme,
1470,Quibus RP-62|Productivity,
1786,Pomum UE-21|Extreme,
1471,Quibus RP-63|Productivity,
1787,Pomum UE-22|Extreme,
1472,Quibus RP-64|Productivity,
1788,Pomum UE-23|Extreme,
1473,Quibus RP-65|Productivity,
1789,Pomum UE-24|Extreme,
1474,Quibus RP-66|Productivity,
1790,Pomum UE-25|Extreme,
1475,Quibus RP-67|Productivity,
1791,Pomum UE-26|Extreme,
1476,Quibus RP-68|Productivity,
1792,Pomum UE-27|Extreme,
1477,Quibus RP-69|Productivity,
1793,Pomum UE-28|Extreme,
1478,Quibus RP-70|Productivity,
1794,Pomum UE-29|Extreme,
1479,Quibus RP-71|Productivity,
1749,Pomum UM-01|Moderation,Urban
1480,Quibus RP-72|Productivity,
1750,Pomum UM-02|Moderation,
1481,Quibus RP-73|Productivity,
1751,Pomum UM-03|Moderation,
1482,Quibus RP-74|Productivity,
1752,Pomum UM-04|Moderation,
1483,Quibus RP-75|Productivity,
1753,Pomum UM-05|Moderation,
1484,Quibus RP-76|Productivity,
1754,Pomum UM-06|Moderation,
1485,Quibus RP-77|Productivity,
1755,Pomum UR-01|Regular,Urban
1486,Quibus RP-78|Productivity,
1756,Pomum UR-02|Regular,
1487,Quibus RP-79|Productivity,
1757,Pomum UR-03|Regular,
1488,Quibus RP-80|Productivity,
1758,Pomum UR-04|Regular,
1489,Quibus RP-81|Productivity,
1759,Pomum UR-05|Regular,
1490,Quibus RP-82|Productivity,
1760,Pomum UR-06|Regular,
1491,Quibus RP-83|Productivity,
1761,Pomum UR-07|Regular,
1492,Quibus RP-84|Productivity,
1762,Pomum UR-08|Regular,
1493,Quibus RP-85|Productivity,
1763,Pomum UR-09|Regular,
1494,Quibus RP-86|Productivity,
1764,Pomum UR-10|Regular,
1495,Quibus RP-87|Productivity,
1765,Pomum UR-11|Regular,
1496,Quibus RP-88|Productivity,
1806,Pomum YY-01|Youth,Youth
1497,Quibus RP-89|Productivity,
1807,Pomum YY-02|Youth,
1498,Quibus RP-90|Productivity,
1808,Pomum YY-03|Youth,
1499,Quibus RP-91|Productivity,
1809,Pomum YY-04|Youth,
1500,Quibus RP-92|Productivity,
1810,Pomum YY-05|Youth,
1501,Quibus RP-93|Productivity,
1811,Pomum YY-06|Youth,
1502,Quibus RP-94|Productivity,
1812,Pomum YY-07|Youth,
1503,Quibus RP-95|Productivity,
1813,Pomum YY-08|Youth,
1504,Quibus RP-96|Productivity,
1814,Pomum YY-09|Youth,
1505,Quibus RP-97|Productivity,
1815,Pomum YY-10|Youth,
1506,Quibus RP-98|Productivity,
1816,Pomum YY-11|Youth,
1507,Quibus RP-99|Productivity,
1817,Pomum YY-12|Youth,
1508,Quibus RP-00|Productivity,
1818,Pomum YY-13|Youth,
1509,Quibus RP-01|Productivity,
1819,Pomum YY-14|Youth,
1510,Quibus RP-02|Productivity,
1820,Pomum YY-15|Youth,
1511,Quibus RP-03|Productivity,
1821,Pomum YY-16|Youth,
1512,Quibus RP-04|Productivity,
1822,Pomum YY-17|Youth,
1513,Quibus RP-05|Productivity,
1823,Pomum YY-18|Youth,
1514,Quibus RP-06|Productivity,
1825,Pomum YY-20|Youth,
1515,Quibus RP-07|Productivity,
1826,Pomum YY-21|Youth,
1516,Quibus RP-08|Productivity,
1827,Pomum YY-22|Youth,
1517,Quibus RP-09|Productivity,
1828,Pomum YY-23|Youth,
1518,Quibus RP-10|Productivity,
1829,Pomum YY-24|Youth,
1519,Quibus RP-11|Productivity,
1830,Pomum YY-25|Youth,
1520,Quibus RP-12|Productivity,
1831,Pomum YY-26|Youth,
1521,Quibus RP-13|Productivity,
1832,Pomum YY-27|Youth,
1522,Quibus RP-14|Productivity,
1833,Pomum YY-28|Youth,
1523,Quibus RP-15|Productivity,
1834,Pomum YY-29|Youth,
1524,Quibus RP-16|Productivity,
1835,Pomum YY-30|Youth,
1525,Quibus RP-17|Productivity,
1836,Pomum YY-31|Youth,
1526,Quibus RP-18|Productivity,
1837,Pomum YY-32|Youth,
1527,Quibus RP-19|Productivity,
1838,Pomum YY-33|Youth,
1528,Quibus RP-20|Productivity,
1839,Pomum YY-34|Youth,
1529,Quibus RP-21|Productivity,
1840,Pomum YY-35|Youth,
1530,Quibus RP-22|Productivity,
1841,Pomum YY-36|Youth,
1531,Quibus RP-23|Productivity,
1842,Pomum YY-37|Youth,
1532,Quibus RP-24|Productivity,
1843,Pomum YY-38|Youth,
1533,Quibus RP-25|Productivity,
1844,Pomum YY-39|Youth,
1534,Quibus RP-26|Productivity,
1845,Pomum YY-40|Youth,
1535,Quibus RP-27|Productivity,
1846,Pomum YY-41|Youth,
1536,Quibus RP-28|Productivity,
1847,Pomum YY-42|Youth,
1537,Quibus RP-29|Productivity,
1848,Pomum YY-43|Youth,
1538,Quibus RP-30|Productivity,
1849,Pomum YY-44|Youth,
1539,Quibus RP-31|Productivity,
1850,Pomum YY-45|Youth,
1540,Quibus RP-32|Productivity,
1851,Pomum YY-46|Youth,
1541,Quibus RP-33|Productivity,
1852,Pomum YY-47|Youth,
1542,Quibus RP-34|Productivity,
1853,Pomum YY-48|Youth,
1543,Quibus RP-35|Productivity,
1854,Pomum YY-49|Youth,
1544,Quibus RP-36|Productivity,
1855,Pomum YY-50|Youth,
1545,Quibus RP-37|Productivity,
1856,Pomum YY-51|Youth,
1546,Quibus RP-38|Productivity,
1857,Pomum YY-52|Youth,
1547,Quibus RP-39|Productivity,
1858,Pomum YY-53|Youth,
1548,Quibus RP-40|Productivity,
1859,Pomum YY-54|Youth,
1549,Quibus RP-41|Productivity,
1860,Pomum YY-55|Youth,
1550,Quibus RP-42|Productivity,
1861,Pomum YY-56|Youth,
1551,Quibus RP-43|Productivity,
1862,Pomum YY-57|Youth,
1552,Quibus RP-44|Productivity,
1553,Quibus RP-45|Productivity,
1554,Quibus RP-46|Productivity,
1555,Quibus RP-47|Productivity,
1556,Quibus RP-48|Productivity,
1557,Quibus RP-49|Productivity,
1558,Quibus RP-50|Productivity,
1559,Quibus RP-51|Productivity,
1560,Quibus RP-52|Productivity,
1561,Quibus RP-53|Productivity,
1562,Quibus RP-54|Productivity,
1563,Quibus RS-01|Select,Rural
1564,Quibus RS-02|Select,
1565,Quibus RS-03|Select,
1566,Quibus RS-04|Select,
1567,Quibus RS-05|Select,
1568,Quibus RS-06|Select,
1569,Quibus RS-07|Select,
1570,Quibus RS-08|Select,
1571,Quibus RS-09|Select,
1572,Quibus RS-10|Select,
1573,Quibus RS-11|Select,
1574,Quibus RS-12|Select,
1575,Quibus RS-13|Select,
1576,Quibus RS-14|Select,
1577,Quibus RS-15|Select,
1578,Quibus RS-16|Select,
1579,Quibus RS-17|Select,
1580,Quibus RS-18|Select,
1581,Quibus RS-19|Select,
1582,Quibus RS-20|Select,
1583,Quibus RS-21|Select,
1584,Quibus RS-22|Select,
1585,Quibus RS-23|Select,
1586,Quibus RS-24|Select,
1587,Quibus RS-25|Select,
1588,Quibus RS-26|Select,
1589,Quibus RS-27|Select,
1590,Quibus RS-28|Select,
1591,Quibus RS-29|Select,
1592,Quibus RS-30|Select,
1593,Quibus RS-31|Select,
1594,Quibus RS-32|Select,
1595,Quibus RS-33|Select,
1596,Quibus RS-34|Select,
1597,Quibus RS-35|Select,
1598,Quibus RS-36|Select,
1599,Quibus RS-37|Select,
1600,Quibus RS-38|Select,
1601,Quibus RS-39|Select,
1602,Quibus RS-40|Select,
1603,Quibus RS-41|Select,
1604,Quibus RS-42|Select,
1605,Quibus RS-43|Select,
1606,Quibus RS-44|Select,
1607,Quibus RS-45|Select,
1608,Quibus RS-46|Select,
1609,Quibus RS-47|Select,
1610,Quibus RS-48|Select,
1611,Quibus RS-49|Select,
1612,Quibus RS-50|Select,
1613,Quibus RS-51|Select,
1614,Quibus RS-52|Select,
1615,Quibus RS-53|Select,
1616,Quibus RS-54|Select,
1617,Quibus RS-55|Select,
1618,Quibus RS-56|Select,
1619,Quibus RS-57|Select,
1620,Quibus RS-58|Select,
1621,Quibus RS-59|Select,
1622,Quibus RS-60|Select,
1623,Quibus RS-61|Select,
1624,Quibus RS-62|Select,
1625,Quibus RS-63|Select,
1626,Quibus RS-64|Select,
1627,Quibus RS-65|Select,
1628,Quibus RS-66|Select,
1629,Quibus RS-67|Select,
1630,Quibus RS-68|Select,
1631,Quibus RS-69|Select,
1632,Quibus RS-70|Select,
1633,Quibus RS-71|Select,
1634,Quibus RS-72|Select,
1635,Quibus RS-73|Select,
1636,Quibus RS-74|Select,
1637,Quibus RS-75|Select,
1638,Quibus RS-76|Select,
1639,Quibus RS-77|Select,
1640,Quibus RS-78|Select,
1641,Quibus RS-79|Select,
1642,Quibus RS-80|Select,
1643,Quibus RS-81|Select,
1644,Quibus RS-82|Select,
1645,Quibus RS-83|Select,
1646,Quibus RS-84|Select,
1647,Quibus RS-85|Select,
1648,Quibus RS-86|Select,
1649,Quibus RS-87|Select,
1650,Quibus RS-88|Select,
1651,Quibus RS-89|Select,
1652,Quibus RS-90|Select,
1653,Quibus RS-91|Select,
1654,Quibus RS-92|Select,
1655,Quibus RS-93|Select,
1656,Quibus RS-94|Select,
1657,Quibus RS-95|Select,
1658,Quibus RS-96|Select,
1659,Quibus RS-97|Select,
1660,Quibus RS-98|Select,
1661,Quibus RS-99|Select,
1662,Quibus RS-00|Select,
1663,Quibus RS-01|Select,
1664,Quibus RS-02|Select,
1665,Quibus RS-03|Select,
1666,Quibus RS-04|Select,
1667,Quibus RS-05|Select,
1668,Quibus UR-01|Regular,Urban
1669,Quibus UR-02|Regular,
1670,Quibus UR-03|Regular,
1671,Quibus UE-01|Extreme,Urban
1672,Quibus UE-02|Extreme,
1673,Quibus UE-03|Extreme,
1674,Quibus UE-04|Extreme,
1675,Quibus UE-05|Extreme,
1676,Quibus UE-06|Extreme,
1677,Quibus UE-07|Extreme,
1678,Quibus UE-08|Extreme,
1679,Quibus UE-09|Extreme,
1680,Quibus UE-10|Extreme,
1681,Quibus UE-11|Extreme,
1682,Quibus UE-12|Extreme,
1683,Quibus UE-13|Extreme,
1684,Quibus UE-14|Extreme,
1685,Quibus UE-15|Extreme,
1686,Quibus UE-16|Extreme,
1687,Quibus UE-17|Extreme,
1688,Salvus UE-01|Extreme,
1689,Salvus UC-01|Convenience,Urban
1690,Salvus YY-01|Youth,Youth
1691,Salvus YY-02|Youth,
1692,Salvus YY-03|Youth,
1693,Salvus YY-04|Youth,
1694,Salvus YY-05|Youth,
1695,Salvus YY-06|Youth,
1696,Salvus YY-07|Youth,
1697,Salvus YY-08|Youth,
1698,Salvus YY-09|Youth,
1699,Salvus YY-10|Youth,
1700,Salvus YY-11|Youth,
1701,Salvus YY-12|Youth,
1702,Salvus YY-13|Youth,
1703,Salvus YY-14|Youth,
1704,Salvus YY-15|Youth,
1705,Salvus YY-16|Youth,
1706,Salvus YY-17|Youth,
1707,Salvus YY-18|Youth,
1708,Salvus YY-19|Youth,
1709,Salvus YY-20|Youth,
1710,Salvus YY-21|Youth,
1711,Salvus YY-22|Youth,
1712,Salvus YY-23|Youth,
1713,Salvus YY-24|Youth,
1714,Salvus YY-25|Youth,
1715,Salvus YY-26|Youth,
1716,Salvus YY-27|Youth,
1717,Salvus YY-28|Youth,
1718,Salvus YY-29|Youth,
1719,Salvus YY-30|Youth,
1720,Salvus YY-31|Youth,
1721,Salvus YY-32|Youth,
1722,Salvus YY-33|Youth,
1723,Salvus YY-34|Youth,
1724,Salvus YY-35|Youth,
1725,Salvus YY-36|Youth,
1738,Pomum RP-07|Productivity,
1739,Pomum RP-08|Productivity,
1746,Pomum RS-01|Select,Rural
1747,Pomum RS-02|Select,
1824,Pomum YY-19|Youth,
1900,Leo UC-19|Convenience,
1910,Currus MA-03|All Season,
1913,Currus MA-06|All Season,
1917,Currus MA-10|All Season,
1919,Currus MA-12|All Season,
1921,Currus MA-14|All Season,
1922,Currus MA-15|All Season,
1923,Currus MA-16|All Season,
1925,Currus MA-18|All Season,
1928,Currus RP-03|Productivity,
1929,Currus RP-04|Productivity,
1944,Currus RP-19|Productivity,
1945,Currus RP-20|Productivity,
1952,Currus RP-27|Productivity,
1953,Currus RP-28|Productivity,
1954,Currus RP-29|Productivity,
1955,Currus RP-30|Productivity,
1970,Currus RP-45|Productivity,
1971,Currus RP-46|Productivity,
1972,Currus RP-47|Productivity,
1973,Currus RP-48|Productivity,
1976,Currus RP-51|Productivity,
1977,Currus RP-52|Productivity,
1988,Currus RS-07|Select,
1992,Currus RS-11|Select,
1996,Currus UM-03|Moderation,
1998,Currus UR-01|Regular,Urban
2000,Currus UR-03|Regular,
2001,Currus UR-04|Regular,
2002,Currus UR-05|Regular,
2003,Currus UR-06|Regular,
2006,Currus UR-09|Regular,
2007,Currus UR-10|Regular,
2008,Currus UR-11|Regular,
2009,Currus UR-12|Regular,
2010,Currus UR-13|Regular,
2011,Currus UR-14|Regular,
2017,Currus UR-20|Regular,
2018,Currus UR-21|Regular,
2020,Currus UR-23|Regular,
2021,Currus UR-24|Regular,
2023,Currus UR-26|Regular,
2024,Currus UR-27|Regular,
2025,Currus UR-28|Regular,
2027,Currus UR-30|Regular,
2030,Currus UR-33|Regular,
2031,Currus UR-34|Regular,
2033,Currus UR-36|Regular,
2035,Currus UR-38|Regular,
2037,Currus UR-40|Regular,
2038,Currus UR-41|Regular,
2040,Currus UR-43|Regular,
2059,Currus UE-19|Extreme,
2063,Currus UE-23|Extreme,
2065,Currus UE-25|Extreme,
2066,Currus UC-01|Convenience,Urban
2067,Currus UC-02|Convenience,
2068,Currus UC-03|Convenience,
2069,Currus UC-04|Convenience,
2070,Currus UC-05|Convenience,
2071,Currus UC-06|Convenience,
2072,Currus UC-07|Convenience,
2073,Currus UC-08|Convenience,
2074,Currus UC-09|Convenience,
2075,Currus UC-10|Convenience,
2076,Currus UC-11|Convenience,
2077,Currus UC-12|Convenience,
2078,Currus UC-13|Convenience,
2079,Currus UC-14|Convenience,
2080,Currus UC-15|Convenience,
2081,Currus UC-16|Convenience,
2082,Currus UC-17|Convenience,
2083,Currus UC-18|Convenience,
2084,Currus UC-19|Convenience,
2085,Currus UC-20|Convenience,
2086,Currus UC-21|Convenience,
2087,Currus UC-22|Convenience,
2088,Currus UC-23|Convenience,
2089,Currus UC-24|Convenience,
2090,Currus UC-25|Convenience,
2091,Currus UC-26|Convenience,
2092,Currus UC-27|Convenience,
2093,Currus UC-28|Convenience,
2094,Currus UC-29|Convenience,
2095,Currus UC-30|Convenience,
2096,Currus UC-31|Convenience,
2097,Currus YY-01|Youth,Youth
2098,Currus YY-02|Youth,
2099,Currus YY-03|Youth,
2100,Currus YY-04|Youth,
2101,Currus YY-05|Youth,
2102,Victoria MA-01|All Season,Mix
2103,Victoria MA-02|All Season,
2104,Victoria MA-03|All Season,
2105,Victoria MA-04|All Season,
2106,Victoria MA-05|All Season,
2107,Victoria MA-06|All Season,
2108,Victoria RP-01|Productivity,Rural
2109,Victoria RP-02|Productivity,
2110,Victoria UM-01|Moderation,Urban
2111,Victoria UM-02|Moderation,
2112,Victoria UM-03|Moderation,
2113,Victoria UM-04|Moderation,
2114,Victoria UM-05|Moderation,
2115,Victoria UM-06|Moderation,
2116,Victoria UM-07|Moderation,
2117,Victoria UM-08|Moderation,
2118,Victoria UM-09|Moderation,
2119,Victoria UM-10|Moderation,
2120,Victoria UM-11|Moderation,
2121,Victoria UM-12|Moderation,
2122,Victoria UM-13|Moderation,
2123,Victoria UM-14|Moderation,
2124,Victoria UM-15|Moderation,
2125,Victoria UR-01|Regular,Urban
2126,Victoria UR-02|Regular,
2127,Victoria UR-03|Regular,
2128,Victoria UR-04|Regular,
2129,Victoria UR-05|Regular,
2130,Victoria UR-06|Regular,
2131,Victoria UR-07|Regular,
2132,Victoria UR-08|Regular,
2133,Victoria UR-09|Regular,
2134,Victoria UR-10|Regular,
2135,Victoria UR-11|Regular,
2136,Victoria UR-12|Regular,
2137,Victoria UR-13|Regular,
2138,Victoria UR-14|Regular,
2139,Victoria UR-15|Regular,
2140,Victoria UR-16|Regular,
2141,Victoria UR-17|Regular,
2142,Victoria UR-18|Regular,
2143,Victoria UR-19|Regular,
2144,Victoria UR-20|Regular,
2145,Victoria UR-21|Regular,
2146,Victoria UR-22|Regular,
2147,Victoria UR-23|Regular,
2148,Victoria UE-01|Extreme,Urban
2149,Victoria UE-02|Extreme,
2150,Victoria UE-03|Extreme,
2151,Victoria UE-04|Extreme,
2152,Victoria UE-05|Extreme,
2153,Victoria UE-06|Extreme,
2154,Victoria UE-07|Extreme,
2155,Victoria UE-08|Extreme,
2156,Victoria UE-09|Extreme,
2157,Victoria UE-10|Extreme,
2158,Victoria UE-11|Extreme,
2159,Victoria UE-12|Extreme,
2160,Victoria UE-13|Extreme,
2161,Victoria UE-14|Extreme,
2162,Victoria UE-15|Extreme,
2163,Victoria UE-16|Extreme,
2164,Victoria UE-17|Extreme,
2165,Victoria UE-18|Extreme,
2166,Victoria UE-19|Extreme,
2167,Victoria UE-20|Extreme,
2168,Victoria UE-21|Extreme,
2169,Victoria UE-22|Extreme,
2170,Victoria UE-23|Extreme,
2171,Victoria UC-01|Convenience,Urban
2172,Victoria UC-02|Convenience,
2173,Victoria UC-03|Convenience,
2174,Victoria UC-04|Convenience,
2175,Victoria UC-05|Convenience,
2176,Victoria UC-06|Convenience,
2177,Victoria UC-07|Convenience,
2178,Victoria UC-08|Convenience,
2179,Victoria UC-09|Convenience,
2180,Victoria UC-10|Convenience,
2181,Victoria UC-11|Convenience,
2182,Victoria UC-12|Convenience,
2183,Victoria UC-13|Convenience,
2184,Victoria UC-14|Convenience,
2185,Victoria UC-15|Convenience,
2186,Victoria UC-16|Convenience,
2187,Aliqui MA-01|All Season,Mix
2188,Aliqui MA-02|All Season,
2189,Aliqui MA-03|All Season,
2190,Aliqui MA-04|All Season,
2191,Aliqui MA-05|All Season,
2192,Aliqui MA-06|All Season,
2193,Aliqui MA-07|All Season,
2194,Aliqui MA-08|All Season,
2195,Aliqui MA-09|All Season,
2196,Aliqui MA-10|All Season,
2197,Aliqui MA-11|All Season,
2198,Aliqui MA-12|All Season,
2199,Aliqui MA-13|All Season,
2200,Aliqui MA-14|All Season,
2201,Aliqui MA-15|All Season,
2202,Aliqui MA-16|All Season,
2203,Aliqui MA-17|All Season,
2204,Aliqui RP-01|Productivity,Rural
2205,Aliqui RP-02|Productivity,
2206,Aliqui RP-03|Productivity,
2207,Aliqui RP-04|Productivity,
2208,Aliqui RP-05|Productivity,
2209,Aliqui RP-06|Productivity,
2210,Aliqui RP-07|Productivity,
2211,Aliqui RP-08|Productivity,
2212,Aliqui RP-09|Productivity,
2213,Aliqui RP-10|Productivity,
2214,Aliqui RP-11|Productivity,
2215,Aliqui RP-12|Productivity,
2216,Aliqui RP-13|Productivity,
2217,Aliqui RP-14|Productivity,
2218,Aliqui RP-15|Productivity,
2219,Aliqui RP-16|Productivity,
2220,Aliqui RP-17|Productivity,
2221,Aliqui RP-18|Productivity,
2222,Aliqui RP-19|Productivity,
2223,Aliqui RP-20|Productivity,
2224,Aliqui RP-21|Productivity,
2225,Aliqui RP-22|Productivity,
2226,Aliqui RP-23|Productivity,
2227,Aliqui RP-24|Productivity,
2228,Aliqui RP-25|Productivity,
2229,Aliqui RP-26|Productivity,
2230,Aliqui RP-27|Productivity,
2231,Aliqui RP-28|Productivity,
2232,Aliqui RP-29|Productivity,
2233,Aliqui RP-30|Productivity,
2234,Aliqui RP-31|Productivity,
2235,Aliqui RP-32|Productivity,
2236,Aliqui RP-33|Productivity,
2237,Aliqui RP-34|Productivity,
2238,Aliqui RP-35|Productivity,
2239,Aliqui RP-36|Productivity,
2240,Aliqui RP-37|Productivity,
2241,Aliqui RP-38|Productivity,
2242,Aliqui RP-39|Productivity,
2243,Aliqui RP-40|Productivity,
2244,Aliqui RP-41|Productivity,
2245,Aliqui RP-42|Productivity,
2246,Aliqui RP-43|Productivity,
2247,Aliqui RP-44|Productivity,
2248,Aliqui RP-45|Productivity,
2249,Aliqui RP-46|Productivity,
2250,Aliqui RP-47|Productivity,
2251,Aliqui RP-48|Productivity,
2252,Aliqui RP-49|Productivity,
2253,Aliqui RP-50|Productivity,
2254,Aliqui RP-51|Productivity,
2255,Aliqui RP-52|Productivity,
2256,Aliqui RP-53|Productivity,
2257,Aliqui RP-54|Productivity,
2258,Aliqui RP-55|Productivity,
2259,Aliqui RP-56|Productivity,
2260,Aliqui RP-57|Productivity,
2261,Aliqui RP-58|Productivity,
2262,Aliqui RP-59|Productivity,
2263,Aliqui RP-60|Productivity,
2264,Aliqui RP-61|Productivity,
2265,Aliqui RP-62|Productivity,
2266,Aliqui RP-63|Productivity,
2267,Aliqui RP-64|Productivity,
2268,Aliqui RS-01|Select,Rural
2269,Aliqui RS-02|Select,
2270,Aliqui RS-03|Select,
2271,Aliqui RS-04|Select,
2272,Aliqui RS-05|Select,
2273,Aliqui RS-06|Select,
2274,Aliqui RS-07|Select,
2275,Aliqui RS-08|Select,
2276,Aliqui RS-09|Select,
2277,Aliqui RS-10|Select,
2278,Aliqui RS-11|Select,
2279,Aliqui RS-12|Select,
2280,Aliqui RS-13|Select,
2281,Aliqui RS-14|Select,
2282,Aliqui RS-15|Select,
2283,Aliqui RS-16|Select,
2284,Aliqui RS-17|Select,
2285,Aliqui RS-18|Select,
2286,Aliqui UM-01|Moderation,Urban
2287,Aliqui UM-02|Moderation,
2288,Aliqui UM-03|Moderation,
2289,Aliqui UM-04|Moderation,
2290,Aliqui UM-05|Moderation,
2291,Aliqui UM-06|Moderation,
2292,Aliqui UM-07|Moderation,
2293,Aliqui UM-08|Moderation,
2294,Aliqui UM-09|Moderation,
2295,Aliqui UM-10|Moderation,
2296,Aliqui UM-11|Moderation,
2297,Aliqui UM-12|Moderation,
2298,Aliqui UR-01|Regular,Urban
2299,Aliqui UR-02|Regular,
2300,Aliqui UR-03|Regular,
2301,Aliqui UR-04|Regular,
2302,Aliqui UR-05|Regular,
2303,Aliqui UR-06|Regular,
2304,Aliqui UR-07|Regular,
2305,Aliqui UR-08|Regular,
2306,Aliqui UR-09|Regular,
2307,Aliqui UR-10|Regular,
2308,Aliqui UR-11|Regular,
2309,Aliqui UR-12|Regular,
2310,Aliqui UR-13|Regular,
2311,Aliqui UR-14|Regular,
2312,Aliqui UR-15|Regular,
2313,Aliqui UR-16|Regular,
2314,Aliqui UR-17|Regular,
2315,Aliqui UR-18|Regular,
2316,Aliqui UR-19|Regular,
2317,Aliqui UR-20|Regular,
2318,Aliqui UR-21|Regular,
2319,Aliqui UR-22|Regular,
2320,Aliqui UR-23|Regular,
2321,Aliqui UR-24|Regular,
2322,Aliqui UR-25|Regular,
2323,Aliqui UR-26|Regular,
2324,Aliqui UR-27|Regular,
2325,Aliqui UR-28|Regular,
2326,Aliqui UR-29|Regular,
2327,Aliqui UE-01|Extreme,Urban
2328,Aliqui UE-02|Extreme,
2329,Aliqui UE-03|Extreme,
2330,Aliqui UE-04|Extreme,
2331,Aliqui UE-05|Extreme,
2332,Aliqui UE-06|Extreme,
2333,Aliqui UE-07|Extreme,
2334,Aliqui UE-08|Extreme,
2335,Aliqui UE-09|Extreme,
2336,Aliqui UE-10|Extreme,
2337,Aliqui UE-11|Extreme,
2338,Aliqui UE-12|Extreme,
2339,Aliqui UE-13|Extreme,
2340,Aliqui UE-14|Extreme,
2341,Aliqui UE-15|Extreme,
2342,Aliqui UE-16|Extreme,
2343,Aliqui UE-17|Extreme,
2344,Aliqui UE-18|Extreme,
2345,Aliqui UE-19|Extreme,
2346,Aliqui UE-20|Extreme,
2347,Aliqui UE-21|Extreme,
2348,Aliqui UE-22|Extreme,
2349,Aliqui UE-23|Extreme,
2350,Aliqui UE-24|Extreme,
2351,Aliqui UE-25|Extreme,
2352,Aliqui UE-26|Extreme,
2353,Aliqui UC-01|Convenience,Urban
2354,Aliqui UC-02|Convenience,
2355,Aliqui UC-03|Convenience,
2356,Aliqui UC-04|Convenience,
2357,Aliqui UC-05|Convenience,
2358,Aliqui UC-06|Convenience,
2359,Aliqui UC-07|Convenience,
2360,Aliqui UC-08|Convenience,
2361,Aliqui UC-09|Convenience,
2362,Aliqui UC-10|Convenience,
2363,Aliqui UC-11|Convenience,
2364,Aliqui UC-12|Convenience,
2365,Aliqui UC-13|Convenience,
2366,Aliqui UC-14|Convenience,
2367,Aliqui UC-15|Convenience,
2368,Aliqui UC-16|Convenience,
2369,Aliqui UC-17|Convenience,
2370,Aliqui UC-18|Convenience,
2371,Aliqui UC-19|Convenience,
2372,Aliqui UC-20|Convenience,
2373,Aliqui UC-21|Convenience,
2374,Aliqui UC-22|Convenience,
2375,Aliqui UC-23|Convenience,
2376,Aliqui UC-24|Convenience,
2377,Aliqui UC-25|Convenience,
2378,Aliqui UC-26|Convenience,
2379,Aliqui UC-27|Convenience,
2380,Aliqui UC-28|Convenience,
2381,Aliqui UC-29|Convenience,
2382,Aliqui UC-30|Convenience,
2383,Aliqui UC-31|Convenience,
2384,Aliqui UC-32|Convenience,
2385,Aliqui UC-33|Convenience,
2386,Aliqui UC-34|Convenience,
2387,Aliqui UC-35|Convenience,
2388,Aliqui UC-36|Convenience,
2389,Aliqui UC-37|Convenience,
2390,Aliqui UC-38|Convenience,
2391,Aliqui UC-39|Convenience,
2392,Aliqui YY-01|Youth,Youth
2393,Aliqui YY-02|Youth,
2394,Aliqui YY-03|Youth,
2395,Aliqui YY-04|Youth,
2396,Aliqui YY-05|Youth,
2397,Aliqui YY-06|Youth,
2398,Aliqui YY-07|Youth,
2399,Aliqui YY-08|Youth,
2400,Aliqui YY-09|Youth,
2401,Aliqui YY-10|Youth,
2402,Aliqui YY-11|Youth,
2403,Aliqui YY-12|Youth,
2404,Aliqui YY-13|Youth,
2405,Aliqui YY-14|Youth,
2406,Aliqui YY-15|Youth,
2407,Aliqui YY-16|Youth,
2408,Aliqui YY-17|Youth,
2409,Aliqui YY-18|Youth,
2410,Aliqui YY-19|Youth,
2411,Aliqui YY-20|Youth,
2412,Aliqui YY-21|Youth,